Artist,Track,Album
900 Spaces,A murder of crows,"I'll play softly, I'll play softly, I'll play softly"
900 Spaces,Ballerina Remixed,
900 Spaces,Sea of Tokyo,WEBUILDWINGS
900 Spaces,Tamaris,WEBUILDWINGS
900 Spaces,This Beat Mechanical,WEBUILDWINGS
900 Spaces,We remove the batteries,"I'll play softly, I'll play softly, I'll play softly"
A.K.A.,Scary Noises,
Arrival of the Romans,Arrival,
Arrival of the Romans,Caesar,
Arrival of the Romans,Marching,
Audio Kulture,Babblement,
Audio Kulture,Comfort Zone,
Audio Kulture,Omni Groove,
Audio Kulture,Tin Foil Hat,
Black Gamma,Falling Slowly,
Black Gamma,I Want to Believe It,
Black Gamma,Just to See How it Feels,
Black Gamma,Someday,
Black Gamma,SVAE,
Black Mountain College,All The Fears,
Black Mountain College,Bright by the Sea (Alt Version),
Black Mountain College,Bright By The Sea,
Black Mountain College,Interiors,
Black Mountain College,Lightning,
Black Mountain College,Marked Lands,
Black Mountain College,Mountains,
Black Mountain College,The Introduction,
Black Mountain College,View,
Black Star,My favorite band,No Fear Of Time
Black Star,So be it,No Fear Of Time
Black Star,Supreme alchemy,No Fear Of Time
Bolzenschuss,Can't Get You out of my Head,Lovebites
Bolzenschuss,Follow The Herd,Lovebites
Bolzenschuss,Live Laugh Love,Lovebites
Bolzenschuss,Rot,Lovebites
Britonica,Henry,
Britonica,Kings of melody,
Britonica,She is sunrise,
Britonica,Strange feeling,
Britonica,Universal,
Britonica,Women and whisky,
Caustic Visions,313 by Tom Spragg,Underground Existence vol.1
Caustic Visions,Cycle by Tom Spragg,Underground Existence vol.1
Caustic Visions,ISODRUM by Timothy Evans,Underground Existence vol.1
Caustic Visions,juxtaposition by Tom Spragg,Underground Existence vol.1
Caustic Visions,Mars sunrise,Underground Existence vol.1
Caustic Visions,perception by Caustic Visions,Underground Existence vol.1
Caustic Visions,symmetry of time by Tom Spragg,Underground Existence vol.1
Censor,Blue jazz,
COLLyde,Finally For Now,Finally For Now
COLLyde,Killing Me,Finally For Now
COLLyde,Radio Down,Finally For Now
COLLyde,Success,Finally For Now
Core of io,Done,Part I : iO
Core of io,Four Years Later,Part I : iO
Core of io,Leave,Part I : iO
Core of io,Things I Should Have Said,Part I : iO
Core of io,You Got This,Part I : iO
DANCEHALL,96,96
DANCEHALL,Drugs,96
DANCEHALL,KO,KO
DANCEHALL,Vitamins,KO
Deponi,Angrip!,ANGRIP!
Deponi,Eg hate måker,ANGRIP!
Deponi,Hærverk,ANGRIP!
Deponi,Sensur,ANGRIP!
Deponi,Uteliggeren,ANGRIP!
Deponi,Uventet Angrep,ANGRIP!
Designated Moshers Unit,ANIMOSITY,DMU-013: IDENTITY SHOCK - DEMO
Designated Moshers Unit,BLOODBEAT,DMU-013: IDENTITY SHOCK - DEMO
Designated Moshers Unit,NEVER COME BACK,DMU-013: IDENTITY SHOCK - DEMO
Dirty Noiz/Alex Holmes,Papa,Papa
Disco Assassins,Mind Technology,
DJ Prosper vs Disco Assassins,Defiance,
DJ Prosper vs Disco Assassins,Venom Rising,
Drone in the Woods,Dawn Chorus,
Drone in the Woods,Spider Forest,
Drone in the Woods,The Light Through The Trees,
Emmay,Anymore,
Emmay,One of Them,
Emmay,Paper,
Emmay,Playback,
Grzzly,A Fire,How 2 have fun and stay alive
Grzzly,Advert for a daydream,How 2 have fun and stay alive
Grzzly,Being tapped by the US Gov,How 2 have fun and stay alive
Grzzly,Bikini Woman,How 2 have fun and stay alive
Grzzly,China boy,How 2 have fun and stay alive
Grzzly,Clement,How 2 have fun and stay alive
Grzzly,Gonzalez,How 2 have fun and stay alive
Grzzly,Grrr,How 2 have fun and stay alive
Grzzly,How to have fun,How 2 have fun and stay alive
Grzzly,Intermission,How 2 have fun and stay alive
Grzzly,Its Not that Im a Sad Man,
Grzzly,Paisley,
Grzzly,Reprise,How 2 have fun and stay alive
Grzzly,Sonny Boy,How 2 have fun and stay alive
Grzzly,The end,How 2 have fun and stay alive
Grzzly,Water shortage,How 2 have fun and stay alive
Grzzly,Winter wonderland,How 2 have fun and stay alive
Hellrazor,Dark Places,
Hellrazor,Unfinished business,
I Am Jack,Atmosphere,
I Am Jack,B-Movie,
I Am Jack,Earache,
I Am Jack,Found My Silence,
I Am Jack,Killa Bees,
I Am Jack,Mamajama,
I Am Jack,Ocean Eyes,
I Am Jack,Playing In the cold,
I Am Jack,Prophet Lullaby,
I Am Jack,Space Invaders,
I Am Jack,The Vincent Song,
Idesyne,Cubism,
Idesyne,Simplified Arabic,
Idesyne,Until I Burn,
Indigo Sun,Spaced Out Refugee,
Infinite Spark,Family Tree,
Ivan Hays,Blumagik,
Ivan Hays,Goodnight,Slow Down - EP
Ivan Hays,Headlights,
Ivan Hays,I'll Wait,
Ivan Hays,The 1,
Ivan Hays,Touch The Sky,
Ken K,Lost Lyrics ft Jaydar,The SidePiece Tape
Ken K,Nas is Like,Ken Kovers 2
Ken K,Pass it round,The SidePiece Tape
Ken K,Reuben x Ken K - Affirmations,NOT-MIXEDTAPE 3
Last Days Of Lorca,As Flies Fly,
Last Days Of Lorca,I am Rat,
Last Days Of Lorca,My Militia Will Eat Your Militia,
Last Days Of Lorca,Warma Art,
LITTLE TREASURE ALLSTARS,ADULT WEEKEND,LTAS EP
LITTLE TREASURE ALLSTARS,HOLEY DRIVER,LTAS EP
LITTLE TREASURE ALLSTARS,JEREMY KYLE,LTAS EP
LITTLE TREASURE ALLSTARS,RAZZLE DAZZLE,LTAS EP
LITTLE TREASURE ALLSTARS,SUPER SELECTIVE,LTAS EP
Lost Legion,Bridging Electricity,Bridging Electricity
Lost Legion,The Game,Bridging Electricity
Mark Allister,The Path,
Mask of Judas,Alive,The Mesmerist
Mask of Judas,Ashground.,
Mask of Judas,Forsaken,
Mask of Judas,Late Night Burnings,
Mask of Judas,The Conspirator,The Mesmerist
Matt Argle Band,Decyphering The Code,
Matt Argle Band,Drown,
Matt Argle Band,Mexico,
Matt Argle Band,On The Edge,
Matt Argle Band,Snow Angels,
Muskoka,Duet,
NÃO,1964 - Abismo,Demo
NÃO,Crime Nuclear,Demo
NÃO,Futuro,Demo
NÃO,Medo.,Demo
NÃO,Redução de danos.,Demo
NÃO,Reflexo,Demo
Nectar International,01,
Nectar International,02,
Nectar International,03,
Nectar International,04,
Nectar International,05,
Nectar International,06,
Nectar International,Track 01,Demo
Nectar International,Track 02,Demo
New Tropics,Swan Song,
No Humans,Last Laugh,Split Peace
No Humans,Mutiny,Split Peace
No Humans,Options,Split Peace
No Humans,Parody,Split Peace
No Humans,Punks For Profit,Split Peace
Noah's House Band,DODO,
Noah's House Band,HORSE,
Ornaments of the Countryside,360,
Ornaments of the Countryside,After Thought,
Ornaments of the Countryside,Black Clouds,
Ornaments of the Countryside,Eh?,
Ornaments of the Countryside,F.O.E,
Ornaments of the Countryside,Hashtag,
Ornaments of the Countryside,Nightmaringale,
Ornaments of the Countryside,Oxbow Lakes,
Ornaments of the Countryside,Somg,
Ornaments of the Countryside,Springtime,
Ornaments of the Countryside,Still Life,
Penfold,Airtight,
Penfold,Play it for Screams,
Penfold,Purification,
Penfold,While you Sleep,
Public Acid,Confession,Deadly Struggle
Public Acid,Deadly Struggle,Deadly Struggle
Public Acid,End of Pain,Deadly Struggle
Public Acid,Ignorance,Deadly Struggle
Public Acid,Slow Bleed,Deadly Struggle
Raiden,657,Experiments In White Noise
Raiden,Baptism Of Fire (First Version),Baptism Of Fire / Roentgen
Raiden,Celexa,Experiments In White Noise
Raiden,Rust,Experiments In White Noise
Reggae Roast & Gappy Ranks,My Selecta,My Selecta
Reggae Roast & Horace Andy,Lets Live In Love,
Rob Hyde,Old Bones (feat Oliver Rees),
Scape One,Hold It Back,Losing Gravity
Scape One,Timelapse,Losing Gravity
Security Footage,IDEATION,IDEATION
Security Footage,LEAVE,IDEATION
Security Footage,OUTSIDE THE WINDOW,IDEATION
Security Footage,SECURITY FOOTAGE II,IDEATION
Security Footage,THE CHASE,IDEATION
Shelley Mack Band,Ancient Artefacts,Tilling The Soul Digital LP
Shelley Mack Band,Funk For Frank (Ill Boogs),Tilling The Soul Digital LP
Shelley Mack Band,Funky Ghost Train,Tilling The Soul Digital LP
Shelley Mack Band,Pot Belly (Ill Boogs),Tilling The Soul Digital LP
Shelley Mack Band,Rockin' Feels,Tilling The Soul Digital LP
Shelley Mack Band,Song Of The Siren (feat. Sam Chara),Tilling The Soul Digital LP
Shelley Mack Band,The Chugger,Tilling The Soul Digital LP
Shroud,Committed to Violence,Staring into the Eyes of Heaven
Shroud,This Will Define You,This Will Define You
Shroud,Under the Fallen Sun,This Will Define You
Shroud,Weighed Down by the Flesh,Staring into the Eyes of Heaven
Skyggesiden,Bruan Brenn,Demo 2024
Skyggesiden,Fasaden Faller,Demo 2024
Skyggesiden,Frihet Koste Penga,Demo 2024
Skyggesiden,Krigsmaskina,Demo 2024
Skyggesiden,Nervevrak,Demo 2024
Skyggesiden,Teppefall,Demo 2024
Space Baby,Fuctifino,
Stiletto,Control,Only Death EP
Stiletto,Dehumanized,Only Death EP
Stiletto,No Longer I Stand,Only Death EP
Stiletto,Only Death,Only Death EP
Stiletto,Unmoveable Weight,Only Death EP
Stone!?,Frock,Jack Issues
Stone!?,Fun Bus,Jack Issues
Stone!?,Jack Issues,Jack Issues
Stone!?,Nail It,Jack Issues
Stone!?,Rob Ref,Jack Issues
Stone!?,Verbal,Jack Issues
SUPERBITCH,birthday,07' Honda Odyssey
SUPERBITCH,don't touch me,07' Honda Odyssey
SUPERBITCH,EW!,07' Honda Odyssey
SUPERBITCH,feed me,07' Honda Odyssey
SUPERBITCH,one more,07' Honda Odyssey
SUPERBITCH,piss,07' Honda Odyssey
SUPERBITCH,yeah,07' Honda Odyssey
Swamp,Death,
Swamp,Suburbia is Claustrophobia,
Swamp,Wasted Youth,
Tales of George,Bows and Arrows,
Tales of George,Brickwall,
Tales of George,Deceptive,
Tales of George,Give Me Peace,
Tales of George,In My Head,
Tales of George,Mr Plastic,
Tales of George,Red Eyes At Midnight,
Tales of George,Susie,
Tau Sagittarii,Damavand,Damavand
Tau Sagittarii,Inside Outside,Inside Outside
The Catchpenny Broadcast,Bigger Man,EP
The Catchpenny Broadcast,Cougar,
The Catchpenny Broadcast,Midnight,Hallowed on the Hill
The Ship Heads,Cutlass & Pistol,The Ship Heads demo
The Ship Heads,Hipster Fruit,The Ship Heads demo
The Ship Heads,Jolly Rogered,The Ship Heads demo
The Ship Heads,Row Yer Boat,The Ship Heads demo
The Ship Heads,Shitty Deth,The Ship Heads demo
Ticklin' The Pickle,Bound Up,
Ticklin' The Pickle,Dave's Boogaloo,
Ticklin' The Pickle,Dirt Drops,
Ticklin' The Pickle,Dirty Hurt,
Ticklin' The Pickle,Do It!,
Ticklin' The Pickle,Ghesters Groove,
Ticklin' The Pickle,Give It,
Ticklin' The Pickle,Hold On A Sec,
Ticklin' The Pickle,K.O.F.,
Ticklin' The Pickle,The Duck,
Ticklin' The Pickle,The Hawk,
Ticklin' The Pickle,Untitled,
"Tom Warren, Stefan Rajic, Mike Stevenson, Nick Robert",Midnight,Hallowed on the Hill
Trevor Nobes,Bittersweet,
Troll Mother,Battle For Troll Mountain,Forest Child
Troll Mother,Forest Child,Forest Child
Troll Mother,Prologue,Forest Child
Troll Mother,Xmas,
"Truesounds, Jah Mirikle, Lone Ranger",Time Get Ruff,Time Get Ruff (X Files Riddim)
Urban Swallow,You Can Call Me,
Violet Piper,Inside Baseball,
Violet Piper,Men Make Me,
Viva Los Villians,Bury Me Now,
Viva Los Villians,Guillotine,
Viva Los Villians,Hurricane,
Viva Los Villians,On My Mind,
Viva Los Villians,Your Darkness,
